product_id,product_name,2022_Q1,2022_Q2,2022_Q3,2022_Q4,2023_Q1,2023_Q2,2023_Q3,2023_Q4,2024_Q1,2024_Q2,2024_Q3
228798,Dizo Wireless Dash,6,11,23,0,10,5,0,18,22,4,13
397389,Nxxttnk Hd Panoramic,4,0,0,0,0,0,0,0,0,0,0
247791,Intex Cm Hd,3,12,6,5,0,7,9,0,10,3,0
197013,Pc Jeweller Rose,13,8,7,0,16,5,7,7,4,9,4
471868,Indissh Unisex Regular,11,0,8,8,0,12,0,9,15,18,0
170953,Centrino Mens Formal,3,18,0,0,2,0,0,3,0,0,0
330209,Luminous Power Sine,0,0,7,0,0,5,0,0,0,0,0
307779,Akshita Gems Ratti,0,0,0,0,0,0,0,0,0,9,0
4677,New Multipurpose Hose,26,21,6,10,14,19,7,6,12,19,0
357032,Ever Loved Cotton,7,12,5,4,9,0,15,8,7,17,8
424687,Jbl Partybox Wireless,6,25,5,17,8,30,0,10,0,14,5
38637,Riatech Wrist Rest,8,2,0,0,5,17,9,0,0,7,0
17011,Sandisk Extreme Portable,2,0,7,10,4,2,26,0,0,4,0
295996,High Star Men,15,21,19,13,22,14,17,5,4,15,7
307953,Michelangelo Silver Tie,11,13,10,6,0,15,5,11,10,26,20
40207,Kuber Industries Disney,14,8,7,4,16,4,4,10,0,5,0
206703,Nelle Harper Women's Handbag,3,6,10,0,0,0,4,0,0,26,0
463338,Eyebogler Striped Regular,25,31,6,19,6,11,17,14,11,0,2
522058,Indigo Bermuda Shorts,1,0,4,7,5,4,11,12,2,13,0
136930,Pujia Mills Floral,10,0,37,5,3,0,0,5,10,0,3
96288,Monks Knights Basil,3,13,0,0,7,8,0,0,8,6,8
525833,Club Womens Regular,0,9,0,11,5,4,17,7,4,6,5
127581,Pets Empire Bow,8,0,0,4,0,15,5,7,0,0,0
287535,Diverse Men's Relaxed Jeans,3,7,0,12,17,5,3,11,0,23,0
467230,Cotton Tapered Joggers,6,5,0,0,0,0,0,1,0,0,0
56525,Just Herbs Retractable,3,0,0,0,2,5,9,0,0,0,4
312648,El Regalo Pcs,4,9,7,9,16,17,0,4,0,8,2
195618,Avsar Jewellery White,0,19,0,20,36,6,8,12,18,12,0
92261,Shoexpress Mens Textured,12,0,12,2,0,3,0,0,0,5,0
409962,Raymond Men Shirt,23,14,5,10,33,13,15,10,6,2,0
423609,Monsoon Harvest Crunchy,0,0,0,4,10,0,0,0,0,0,0
29942,Memoir Gold Plated,0,0,0,0,6,0,0,0,0,0,0
416755,Allen Solly Men Shirt,14,0,15,6,19,13,0,0,0,0,6
159463,Madame Shell Drop,17,3,27,17,0,23,0,22,6,12,6
144744,Uniform Sarees Corp,0,0,27,5,4,0,7,12,10,0,0
499230,Adamo Slim Blue,6,5,3,4,10,14,8,7,12,0,0
443309,Puma Mens Speed,10,0,3,16,0,7,5,10,6,0,6
57097,Autumn Edition Body,4,13,8,9,0,10,6,0,0,0,0
42018,Goatter Unisex Hunter,25,34,4,8,13,2,16,24,11,7,1
280488,Abc Sexy Pouch,3,12,2,22,2,14,16,12,0,0,0
281985,Lyrovo Car Vacuum,9,0,0,0,0,7,0,0,4,0,0
189010,Lalita Handicraft Floating,6,0,2,0,9,0,16,8,4,0,0
448281,Inch Hidden Height,4,7,0,3,6,3,2,0,0,0,9
323476,Crazyink Boys Fleece,18,0,2,2,6,6,3,0,6,0,6
486395,Birthday Popper Emoji,0,0,0,7,0,4,17,0,9,0,4
395905,Mishrit Wireless Gadgets,0,6,1,7,8,7,0,7,4,0,0
455411,Nike Gymnastics,0,0,0,0,0,0,0,0,0,0,2
315158,Yellow Chimes Rings,4,0,12,4,11,4,0,0,5,17,0
64145,Casebase Premium Cover,6,0,3,0,6,17,0,4,0,1,0
89754,"Bukaro Shoes VS-001-BLK,WHTE",14,4,20,16,10,13,0,0,11,9,7
498092,Astral Luxury Analog,0,2,3,5,15,11,9,5,21,10,0
49000,M Medler Apricate,0,13,12,12,10,14,0,0,6,11,0
402504,Nada Dori Strings,0,0,7,0,0,0,0,5,7,7,0
468880,The Souled Store,9,5,0,0,5,9,3,6,29,0,3
379858,Devama The Meru,12,5,4,7,15,8,23,9,11,18,0
416646,French Crown Periwinkle,6,2,0,6,4,0,0,0,5,2,5
41540,Koshiya Fancy Magic,3,3,0,4,11,3,14,0,0,0,6
190755,Kundan Lord Ganesh,0,9,3,10,1,14,11,15,5,12,0
247504,Apple Lightning To,7,0,4,0,0,1,0,0,7,7,0
490274,Brown Bear Design,13,4,26,6,6,7,11,11,18,14,0
19845,Jbl Partybox Wireless,5,6,4,25,30,0,11,1,4,3,0
277541,Bhavika Pack Of,5,12,11,6,14,1,15,21,10,21,0
200507,Pc Jeweller The,0,0,0,0,2,0,9,0,7,12,0
32049,Philips Avent Comfort,0,20,0,7,1,14,2,0,5,0,0
35693,Bansal Sports Nylon,7,12,11,9,4,10,5,14,26,10,5
36887,Myfriday Women Small,6,15,17,8,0,7,7,15,12,14,0
344783,R Rilo Cotton,1,0,10,12,0,11,10,7,6,11,6
406065,Arrow Men Beige,0,5,0,4,7,0,0,0,0,10,0
509168,Neutron Quartz Analog,0,0,0,16,6,0,0,0,0,0,0
247254,Wayona Usb C,19,23,7,16,11,0,1,0,4,5,0
454432,Adidas Men Running Shoes,2,0,7,4,0,4,0,0,5,0,7
326224,Aones Pack Of,19,2,15,32,17,26,6,25,26,23,5
384447,Mee Mee Sipper,7,15,0,12,0,0,10,0,20,4,4
84860,Skechers Mens Mira Casual Shoe,0,0,9,0,24,3,25,18,0,17,4
344659,Kamison International Lingerie,5,6,0,0,0,8,0,0,0,11,7
500127,Analog Black Dial,0,3,22,15,6,0,5,0,0,2,0
296353,The Indian Garage,0,11,4,13,5,11,0,12,1,32,5
255154,Brittle Media Streaming,2,7,0,4,9,6,6,10,5,3,0
293436,Lee Men Jeans,25,16,6,14,12,11,0,7,11,8,7
533087,Vr Collections Cotton,0,0,5,0,0,0,6,11,0,0,0
72966,Fzn Optical Glass,0,0,0,6,0,0,0,0,0,3,0
350478,Sona Cotton Full,6,6,0,15,8,17,0,5,11,0,0
498069,Bezelo Analogue Dial,5,16,25,4,12,0,8,10,18,21,6
409766,Half Sleeve Solid,0,0,0,8,6,7,0,17,0,0,0
351838,Clovia Cotton Printed,5,18,0,8,5,6,7,13,14,5,0
472092,Peter England Slim,11,9,7,0,7,2,16,8,0,0,0
279402,Lux Cozi Cotton,0,5,2,25,0,8,12,11,20,5,0
200298,Avsar Yellow Gold,0,0,0,10,0,0,17,4,0,9,0
5999,Aquadyne Carbon Block,5,9,9,0,0,17,7,4,12,0,9
348995,Poxeflip Portable Travel,16,16,16,3,14,8,15,7,14,18,3
308073,Ananth Jewels Bis,7,10,26,21,12,23,19,15,12,22,7
48342,Aakrutii Reusable Cotton,0,1,0,2,8,0,9,1,0,9,0
313171,Kirtigems Carat Certified,21,1,0,0,28,0,0,5,13,7,6
392057,Meekah Tess Leatherette,19,5,6,11,24,19,0,7,7,23,6
451756,Axter Multicolor Casual,0,0,0,0,0,5,0,0,0,0,0
123664,Dsc Intense Pro,24,7,7,27,18,20,19,8,21,0,3
121751,Tweak Instant Coffee,5,7,3,0,0,2,2,3,0,0,0
404950,Arrow Men Shirt,17,13,9,17,13,7,6,38,22,10,0
205229,Pc Jeweller The,3,12,11,19,0,9,5,0,0,16,0
436850,Kobo Stud Football,3,14,8,0,7,0,5,0,0,3,4
29930,Giva Sterling Silver,0,12,4,0,3,4,1,6,5,8,0
74827,Three Pm Waterproof,0,0,0,0,7,0,2,17,0,5,0
501711,Mikado Blue Gift,8,1,0,8,0,0,3,0,9,8,0
336857,R.O. DIVERTER BALL VALVE,0,0,8,3,6,13,6,13,16,7,0
190382,Inditrust Chainsaw Chain,8,0,21,10,1,4,0,6,6,0,0
201291,Avsar Yellow Gold,15,0,4,0,0,7,12,3,0,5,4
138898,Biba Womens Round,4,0,0,0,3,0,0,0,0,0,0
80083,Ubji Electric Air,0,0,0,3,10,13,0,12,0,0,0
122288,Raw Pressery Almond,4,0,6,0,2,0,0,0,0,0,0
284012,Basilio Sliky Stretchable,20,0,9,0,3,6,0,0,15,30,0
273778,By Virat Kohli,4,6,7,0,22,8,9,0,0,18,3
468393,U.S. POLO ASSN. Men Polo Shirt,0,3,16,5,7,11,6,11,0,2,3
323793,Shoetopia Stylish Pumps,0,5,0,20,4,0,6,6,8,0,0
10862,Primebox Helmet Cover,15,15,9,2,3,5,0,14,0,17,8
336582,Big Shop Wooden,0,11,0,0,5,0,6,9,0,0,0
4264,Milestore Portable Handheld,6,9,2,4,7,8,7,15,15,5,6
195679,Senco Gold Yellow,9,0,5,16,7,21,22,21,5,0,0
130653,Anjushree Choice Regular,49,0,15,17,14,2,0,10,0,0,0
151732,Lecalla Sterling Silver,0,0,0,7,0,0,14,0,0,0,0
76495,Fredi Hd Plus,1,0,9,14,14,0,10,7,21,9,0
315529,Ahilya Jewels Sterling,21,6,13,17,12,14,11,19,8,18,2
225161,Jarani Cotton Handmade,2,0,9,0,0,0,0,0,0,4,0
53892,Masq By Layer,13,0,0,0,0,0,10,10,5,3,1
48588,F Gear Adios,2,0,15,0,6,0,2,18,10,0,5
174727,Krazon Formal Mens Shoes,8,4,13,8,0,3,0,0,0,5,0
479159,Creativit Graphic Printed,0,6,8,0,12,2,11,7,12,14,0
364057,Fur Jaden Pu,14,7,15,5,7,16,0,12,5,8,7
511083,Prince Analog Wrist,0,10,15,0,8,0,7,15,7,5,0
427597,Zepad Watt Wireless,22,5,9,0,10,0,0,17,10,13,8
373360,I A Chikan,13,9,8,11,7,20,15,7,0,6,0
384880,Philips Avent Classic,30,6,6,9,11,16,7,7,8,15,15
148624,Yellow Chimes Anklet,30,6,5,22,20,6,15,21,10,10,8
181124,Adidas The Road,0,5,0,0,6,0,0,0,6,3,0
10,Voltas Inverter Split,3,32,17,5,0,0,31,8,31,9,0
77366,Shopee Nikkor Z,0,5,6,4,21,7,10,7,5,3,6
490795,Kuts N Crvs,0,11,0,6,3,6,0,4,1,0,0
126112,Aimil Neeri Kft,0,0,0,0,0,3,6,6,11,4,0
314505,Divine Magic Black,18,21,14,4,5,24,5,18,9,5,7
162356,Pack Of Red,5,9,17,8,5,6,7,4,14,6,4
74469,Kebilshop Dc Y,0,19,15,19,14,14,10,10,2,9,7
312327,Barmunda Gems Ratti,9,6,5,8,10,8,5,21,6,26,0
530514,Rangriti Regular Tunic,6,7,9,7,0,3,6,31,0,17,7
1314,Luvlap In Baby,11,8,0,7,10,0,0,5,0,13,0
286538,Rhysley Cotton Light,16,4,18,16,16,21,3,18,13,18,0
439056,Campus Rollz Running,0,0,9,0,0,6,3,0,0,0,0
78576,Divinezon Polyester Foldable,7,3,6,0,0,4,8,23,0,4,7
105844,Aeoss Transparent Fashion,2,6,0,6,0,0,0,0,0,0,0
338829,Cello Infuse Water,0,0,0,6,5,10,10,3,9,6,0
41514,Baggit Fold Wallet,0,0,5,5,3,4,0,0,25,2,0
207962,Van Heusen Women,0,0,7,5,5,0,0,0,0,0,0
99210,Puma Pwrframe Aerogram,9,2,17,10,11,16,9,20,16,6,0
183544,Latest Fashion Sport,13,10,10,21,0,18,23,17,19,4,4
204740,Pc Jeweller The,0,16,3,0,17,6,9,26,3,6,8
221279,Prit Enterprise Women,7,6,5,4,6,5,8,2,5,4,6
505909,GR379RG Q BRO Vel GRE L_S,9,4,8,19,10,8,14,9,18,11,0
12513,Casio Plus Edition,10,0,4,0,0,17,5,0,12,5,0
5219,Royal Step Portable,0,0,15,7,6,0,0,0,0,6,0
314242,Jaipur Mart Ethnic,0,0,0,0,0,7,0,0,9,0,0
62071,Bigplayer Hdmi Hdmi,8,6,5,6,0,5,0,0,5,2,0
183669,Longwalk Wingtip Brogues,4,0,9,0,11,13,11,4,16,0,4
35416,Badminton Net Cotton,3,9,0,0,6,0,0,3,0,0,0
121492,Herbalife Afresh Energy,7,29,29,24,11,13,14,40,14,7,10
111806,Biba Polyester Salwar,5,0,0,0,0,1,0,0,6,6,0
505430,Relish Birthday Gift,0,12,0,4,0,6,12,0,3,13,0
123431,Rishabh Enterprises Hub,6,8,0,13,0,13,12,7,5,0,0
533646,Wiselife Printed Yoga,0,0,4,5,6,3,4,0,0,0,0
61830,Flash Hot Shoe,13,19,3,0,7,5,19,18,3,5,0
177789,Levanse Formal Executive,3,12,11,0,8,11,8,2,0,6,0
533557,Diverse Men Front,0,9,4,1,0,0,0,2,0,0,7
406806,Showoff Navy Blue,17,7,0,25,6,11,14,7,16,31,8
363031,Wildhorn Brown Leather,8,6,8,6,4,0,0,5,6,13,0
410642,Basics Casual Checked,6,4,17,0,6,10,12,10,4,0,0
214493,Filora Ethnic Rajasthani,0,7,0,10,5,0,0,0,10,3,9
234612,Minimalist Acid Lip,0,0,11,4,4,0,5,0,9,0,0
331155,Wonderchef Luxe Multicook,2,0,0,4,0,0,0,4,0,0,3
451751,Axter Multicolor Casual,4,2,12,0,3,6,0,5,0,0,0
350418,Kalyani Mid Rise,0,0,8,1,8,6,6,10,0,0,6
238939,Daikin Ton Star,5,24,8,12,2,17,5,18,5,0,8
229831,Headphone For Nokia,7,14,10,4,0,5,5,24,21,10,2
316069,Gem Stone Factory,19,15,17,1,0,3,8,17,12,5,17
42093,M Medler Epochbox,6,8,0,12,0,0,11,3,10,13,7
335131,Allin Exporters Industrial,6,7,0,0,13,11,0,9,6,7,0
369859,Red Chief Formal,0,2,3,0,0,0,0,0,0,0,0
223412,Savani Fashions Hand,6,0,0,0,3,0,12,0,0,5,0
468010,Proline Mens Track,26,2,6,11,15,11,16,7,9,0,0
17129,Apple Earphone With,19,3,0,18,10,4,9,0,6,16,4
464117,Leotude Regular Fit,2,0,7,6,4,0,0,24,7,0,5
404495,Ramraj Cotton Mens,0,12,23,8,23,10,0,5,20,14,0
511125,Pack Of King,3,8,0,19,13,7,2,13,2,6,0
208438,Baggit Fold Wallet,21,18,0,4,7,7,1,0,11,9,5
112548,Biba Cotton Suit,5,19,5,12,0,7,14,20,14,7,0
302266,Milan Jewellers Rakhi,14,4,0,0,16,6,5,0,15,5,0
76663,Smart Pro Charger,0,5,7,0,17,0,15,4,8,7,0
44008,Satyam Kraft Pcs,10,0,7,28,3,0,8,5,6,28,8
442947,Power Men Engage,18,3,6,34,7,16,4,10,6,23,3
40357,Chumbak Teal Regal,0,3,0,12,3,12,6,6,10,6,0
270678,Essa Cotton Assorted,9,8,3,8,0,7,5,18,17,4,0
51960,Astrid Pink White,0,10,14,0,16,5,0,5,11,0,6
428402,Macmerise Rasta Splash,0,0,0,0,0,0,0,0,9,0,0
183038,Height Increasing Formal,24,14,4,4,20,7,18,17,5,21,0
55827,Walktrendy Ballet Flat,7,10,21,12,7,39,6,0,12,0,0
218214,Umera Clutches Wristlet,0,0,0,0,6,0,11,0,0,0,0
106120,Rock Paper Scissors,0,9,0,9,0,8,15,3,6,4,0
54199,Trip Machine Company,11,8,0,11,4,6,12,8,5,0,0
324773,Bubblegummers Girls Aiden,0,0,0,0,1,14,0,0,0,0,0
148316,Zaveri Pearls Chain,19,1,5,12,14,0,21,3,2,11,5
41231,Dyomnizy One Side,7,20,2,30,7,25,26,15,12,2,7
473916,Bullmer Mens Cotton,7,5,10,15,4,5,0,7,5,8,0
206578,Creeper Bag With,7,9,0,1,4,0,0,5,0,0,5
346464,Jockey Regular Fit,5,0,0,5,3,0,0,0,10,0,0
391293,Fun Homes Disney,14,4,23,11,6,4,5,24,6,6,0
351387,Sona Gudnini Womens,0,1,4,13,0,0,0,0,0,6,0
340629,Jockey Womens Printed,19,12,6,17,3,0,3,7,16,9,12
105469,Black Tshirt For,4,8,4,14,21,15,21,13,8,22,1
428285,Grace Wooden Portable,7,2,16,0,0,13,24,30,20,3,0
400262,Indydukaan Mm Usb,4,0,0,3,4,2,2,0,11,6,0
147316,Meenakari Pure Sterling,11,21,9,8,16,15,18,19,20,14,0
84366,FENTACIA Men Casual Loafers,5,3,0,0,0,0,4,0,2,0,0
283617,Urbano Fashion Slim,15,0,5,4,4,11,8,20,0,12,0
352382,Calandis Clear Disposable,10,6,10,13,6,0,14,8,5,9,0
63442,Digitek Charger With,0,5,7,0,6,11,0,4,0,14,5
211788,Kleio Mutli Slot,39,6,7,0,0,2,2,12,7,8,6
276067,Go Smart Cotton,0,5,5,0,0,5,9,7,6,0,0
465954,Mens Polyester Dry,6,16,12,12,35,0,0,13,3,0,0
432020,Shopnet Wireless Bluetooth,11,13,23,15,0,3,20,0,28,0,0
356889,Amante Cotton Non,14,9,6,5,5,24,4,4,0,10,0
319111,ISLAHE NAFS-REMOVE BAD HOBBYS,11,0,10,2,0,6,7,0,3,2,4
382477,Auto Mt Heavy,0,10,4,16,6,15,13,16,8,12,0
259249,Iffco Waste Decomposer,4,5,5,9,5,11,6,0,6,0,6
487441,Antiquestreet Customized Docto,4,0,14,8,0,0,0,4,0,8,0
331992,Bolt Electronic Kitchen,5,6,0,0,5,4,4,8,0,5,0
132973,Ridhi And Sidhi,27,8,5,22,5,0,3,3,3,0,6
436550,Jorden Grey Colour,0,20,0,9,12,11,4,4,0,10,0
262101,Aasons Multi Angle,0,9,6,1,0,0,2,5,0,0,0
83770,Cosco Group Cycling,10,4,10,1,10,13,4,3,6,6,0
18870,Seagate Ultra Touch,0,6,0,0,5,0,7,0,0,0,0
409122,Slim Fit Casual,0,8,0,19,16,5,7,5,9,8,0
28833,Himalaya Refreshing Baby,15,16,0,27,5,15,18,25,4,17,4
3833,Enamic Uk Wall,0,12,20,19,0,7,0,0,17,9,0
153513,Zaveri Pearls Blue,9,2,6,0,7,0,5,0,0,0,0
525829,Cotton Lycra Cycling,7,15,17,6,25,20,10,8,3,4,0
312343,Selvia Natural Black,6,0,0,0,0,5,0,0,2,6,3
505459,Kytsch Metal Chain,0,0,0,0,6,5,2,14,7,0,0
175502,Walkaroo Mens Wf6005 Moccasin,11,20,22,0,8,36,0,6,4,5,0
328161,Voix Flexible Silicone,3,0,7,12,4,0,10,3,10,7,0
344420,Nykd Cotton Wire,20,10,0,0,0,4,5,0,29,3,0
218086,Eveda Synthetic Leather,8,5,27,2,18,4,9,14,3,13,0
298616,American Bull Mens,14,3,0,5,5,8,3,17,5,6,11
94146,Amazon Brand Symbol,10,0,7,0,0,12,3,9,17,21,0
48522,Jenna Eyelashes Dot,0,0,7,0,9,0,2,0,0,16,0
118963,Associated Uniforms Designer,5,0,0,6,0,9,1,9,6,0,0
278399,Tom Burg Premium,15,6,12,0,11,0,17,15,5,3,0
335451,Avedia Sink Water,0,0,13,7,8,7,7,0,6,0,0
88554,Red Tape Men's Moccasin,4,14,7,5,2,13,13,5,17,35,0
119944,Syga Pvc Plastic,9,3,10,15,21,19,12,27,0,31,6
522343,Stylum Cotton Blend,6,14,10,7,18,17,6,17,0,1,0
246735,Spin Cart To,0,0,0,0,0,0,0,0,13,4,0
323265,Boys Snowfall Solid,0,0,4,3,0,0,0,3,0,0,0
150702,Vembley Silver Plated,0,0,0,0,7,0,0,1,0,0,0
148779,Shivaloka Mukhi Rudraksha,0,11,7,6,1,15,12,0,2,26,5
112315,Summercoat And Ladies,9,12,4,9,7,7,0,0,6,12,0
210289,PINK Handbag for Girls & Women,2,0,0,2,2,6,11,7,0,0,7
230681,Shop Headphones Earphones,30,0,17,12,10,8,10,4,27,23,13
216197,Leather Inch Sling,9,12,7,8,0,2,7,0,0,7,6
139347,Klosia Women Solid,26,22,0,4,5,14,18,0,6,14,0
317977,Anuj Sales Emerald,6,7,0,6,23,7,0,10,7,15,0
175084,Hush Puppies Mens,0,11,11,0,19,6,10,17,12,13,0
319616,Boys Snowfall Solid,14,8,16,10,11,6,7,13,5,5,5
145177,Woodentant Cotton Silk,6,27,0,8,12,13,13,9,6,0,0
218150,Tommy Hilfiger Ariel,4,0,12,7,9,7,7,0,7,5,3
161473,Jewels Galaxy Jewellery,8,0,0,0,0,13,0,10,8,22,0
384439,Mee Mee In,25,39,9,12,9,16,0,21,0,3,0
399307,Lkds Slim Body,0,0,0,0,0,0,0,0,3,0,13
360407,Mattlook Perfect Brow,7,11,6,6,12,12,13,5,3,0,0
315774,Tridev Gemstone Nepali,17,10,13,8,10,12,36,7,19,8,5
212985,Mochi Women Light,14,18,0,7,5,0,0,2,14,0,2
446211,Vector X Jogging,0,0,0,4,0,0,0,0,0,0,0
80928,Tranding Car Fragrance,17,6,8,16,29,16,5,13,19,9,9
355937,Senslife Satin Solid,17,9,28,0,18,11,4,19,4,24,3
350074,Zebu Printed Capri,0,5,5,12,14,6,2,16,0,12,4
199775,Avsar Yellow Gold,16,16,19,24,18,17,25,18,12,5,4
249989,Ac Remote Compatible,0,0,7,2,13,11,6,0,7,20,7
235776,Usha Crisp Air,10,0,7,6,5,19,0,0,6,0,0
195624,Avsar Jewellery Rose,0,8,0,3,12,0,7,0,0,5,0
69904,Panasonic Consumer Camcorder,0,7,1,0,0,8,0,1,0,0,0
29657,Little Peaches Pure,0,24,12,12,5,10,3,20,5,4,20
234825,Creatine Monohydrate Of,6,10,10,0,21,6,0,9,6,0,0
134754,Tarshika Womens Printed,3,0,14,4,0,16,13,0,2,14,3
154938,Sahvi Handicrafts Earrings,8,18,7,8,8,0,9,6,7,6,0
367424,Bata Men's Formal Shoes,5,2,6,0,5,0,12,0,0,0,0
449046,ASICS DYNABLAST 2,4,0,0,0,0,0,0,0,0,0,0
446270,The North Face,10,15,0,2,1,0,2,10,0,10,14
271827,Rupa Solid Regular,5,4,0,0,5,5,3,0,0,4,0
21664,South Tree Girls,6,7,23,12,8,0,0,10,0,11,0
241176,Ravi Cooler Pedestal,7,10,0,0,3,0,0,0,0,6,0
58362,Huesland By Ahmedabad,0,2,0,0,0,0,0,0,0,8,0
121413,Mala Kokum Cordial,11,0,3,0,0,0,0,0,0,0,0
440160,Bourge Mens Running,8,0,3,0,4,0,13,11,0,0,0
50006,Yessbenza And Girls,3,3,11,10,0,0,0,4,0,0,0
168495,Meister Figure Weight,5,8,5,5,18,0,12,8,24,2,0
451340,Fortiva Stylish Running,8,34,17,14,9,27,0,16,39,20,6
367431,Tommy Hilfiger Analog,0,4,0,0,4,7,0,2,8,0,0
126258,Chicnutrix Bounce Biotin,0,6,11,17,1,0,0,2,7,7,9
511588,Hsr Winter Warm,8,11,10,0,22,0,7,0,11,19,0
12818,Compatible For Samsung,5,0,4,5,20,2,3,0,6,8,0
207771,Canvas Tote Bag,0,0,0,0,0,0,0,0,11,0,0
489418,Kuber Industries Parachute,0,14,11,0,12,13,13,9,4,8,6
226126,Flexnest Flexdubs True,17,0,0,6,12,9,7,0,4,1,0
395841,Ifitech Home Security,3,7,12,8,0,3,15,0,0,10,5
138627,Snishet Fashion Hot,0,3,4,0,0,10,0,0,11,22,0
143464,Anni Designer Maroon,8,2,0,3,15,12,3,0,5,17,8
13888,Thegiftkart Flip Cover,20,0,15,9,6,7,4,24,13,6,2
273735,Genx Mens Jazz,8,8,10,23,6,13,24,25,7,15,0
270548,Jack Jones Cotton,0,12,0,0,4,0,0,0,0,2,0
460533,Sunbaby Bloom For,8,0,5,0,0,0,9,0,0,7,1
137296,Ltyne Womens Dupatta,10,24,17,6,17,8,9,5,11,0,14
76759,Desview Teleprompter Desview,0,2,14,4,7,16,9,16,10,10,5
66743,Neewer Professional Rail,1,0,3,0,16,8,7,8,12,0,0
115173,Anand Sarees Georgette,6,12,0,21,10,27,12,6,7,1,4
207581,The Clownfish Faux,0,19,12,8,11,0,5,14,0,27,0
20089,Boat Rockerz Pro,6,8,13,18,1,1,8,5,6,7,9
194057,Malabar Gold And,0,8,7,7,0,10,0,22,8,11,0
10024,Skycell And Retractable,4,0,0,0,0,0,8,4,0,6,0
235366,Astonish Mould Mildew,0,0,0,10,0,1,19,6,11,0,0
459976,Emeret Anti Skid,5,0,5,4,0,1,0,0,1,0,3
427656,Edifier Watt Channel,0,0,0,3,5,0,0,0,0,7,0
186574,Mens Casual Office,7,3,14,0,9,28,5,0,11,25,7
34786,Latest Stylish Trendy,15,6,7,0,6,0,8,0,1,7,0
455802,Adidas Pro Bounce,9,6,6,13,11,23,13,4,0,11,3
6035,Watertech Systems Swimming,9,11,15,13,4,7,7,11,4,15,7
491939,Foxsky Kg Top,0,7,7,9,3,10,2,2,7,8,0
363277,Lotus Temple City Diary,0,0,6,0,0,0,0,0,0,0,0
352400,Cotton Nighty Size,7,8,7,0,23,0,11,12,9,17,4
401550,Spytectify Secret Switch,5,10,20,6,10,29,5,0,7,21,0
113224,Bewakoof Printed Cotton,0,4,5,9,19,12,18,2,13,0,9
87192,Hush Puppies Franklin,4,10,13,11,4,9,0,0,0,4,0
201547,Pc Jeweller The,4,0,0,3,0,0,0,3,0,0,0
82005,Elevea Today Hot,0,0,0,5,0,0,0,4,22,2,0
129488,Ribrona Digital Printed,15,10,9,3,8,4,8,15,17,13,4
49698,Polyester Inch Travel,18,25,30,25,7,0,6,8,0,5,25
265973,Lux Wool Men,13,0,8,11,15,11,0,3,3,8,16
124885,Merries Newborn Size,0,0,0,6,6,7,0,0,0,0,0
209280,Astrid Multicompartment Bag,0,7,0,1,0,0,4,0,9,5,9
85561,Chevit Running Shoe,4,0,9,13,33,18,2,2,0,5,0
300108,Zen Bells Beads,6,0,8,0,0,0,0,15,0,5,0
447650,Campus Running Shoe,0,0,18,11,4,0,5,14,4,0,0
161255,Fresh Vibes Meenakari,0,1,6,14,5,0,6,8,12,0,0
473074,Arrow New York,0,4,15,9,0,5,5,0,4,0,5
15436,Amazon Brand Solimo,5,8,0,10,0,6,0,0,0,0,0
174432,Liberty Men Formal,0,0,0,5,1,8,6,5,0,15,0
111273,Studio Shringaar Beaded,0,6,5,10,0,0,0,6,18,6,10
166425,Metro Women Synthetic,3,14,2,3,0,10,9,0,6,26,6
303492,Kirti Sales Gems,12,7,6,12,16,11,4,25,0,10,11
29873,Babymoon Strechable Bodysuit,3,0,1,0,7,0,16,4,13,2,0
159655,Atasi International Blue,16,15,8,6,4,34,8,10,19,0,0
533664,Piestar Bts Black,5,11,0,0,13,6,15,8,19,25,0
365005,Tima Polyester Elastic,6,14,9,11,14,6,0,18,8,23,2
378814,Fastrack Analog Black,6,1,18,5,7,19,6,11,14,17,0
30657,Zuvim Baby Girls,0,0,4,0,0,3,0,2,4,7,4
483821,Digital Backlight Airflow,0,10,25,2,3,35,10,11,12,8,0
18046,Amazinghind Leatherette Materi,0,6,14,15,13,14,7,3,4,0,7
507969,Neutron Exclusive Analog,11,6,0,16,10,5,7,14,0,0,4
333190,Multifunction Smash Machine,0,0,0,4,3,0,0,0,0,0,0
363755,Timex Analog Silver,3,0,4,0,7,0,17,3,13,8,0
305182,Sahiba Gems Carat,9,0,12,0,0,2,8,8,0,25,6
437914,Clymb Air Max,8,0,0,3,0,0,0,7,0,0,0
321269,Boys Snowfall Solid,14,6,14,5,3,9,11,19,0,3,1
414555,Royal Enfield Cotton,0,0,2,0,14,2,0,0,3,0,3
192403,Avsar Real Gold,15,13,4,6,17,5,3,22,6,26,0
515386,Snowball Stylish Lace,3,0,0,0,4,0,11,0,11,0,0
121415,Organic India Tulsi,7,18,9,14,4,2,8,20,12,20,0
177217,Red Chief Leather,20,12,0,0,8,25,18,11,34,7,10
313585,Dmj Finely Detailed,0,0,0,10,22,2,3,3,0,0,0
387788,Skincare Mini Fridge,0,0,9,9,0,2,6,0,0,1,0
240128,Leysin Set Of,4,0,0,6,0,4,7,13,0,6,4
29088,Runbugz Safe Natural,2,4,0,19,0,0,7,0,0,5,0
306361,Foggmart Silver Color,3,6,2,5,0,0,0,18,7,12,0
79792,Zapper Silicone Back,0,5,7,11,21,0,25,11,0,3,4
191651,Joyalukkas Divino Silver,6,0,11,0,20,5,22,0,2,11,4
36218,Fur Jaden Anti,7,10,0,0,0,5,0,5,0,15,0
144965,Zero Stitch Georgette,0,0,0,3,0,0,0,0,0,0,0
87231,Yscrowd Sneakers Trending,0,0,8,0,0,0,0,0,0,0,0
411159,Dennis Lingo Striped,10,24,17,12,19,0,12,19,8,19,5
97645,Id Mens Driving,3,0,9,7,0,3,0,3,6,25,0
382661,Navkar Crafts Unisex,6,4,6,0,5,13,5,11,7,0,0
337545,Uxcell Kilns Furnaces,0,7,0,19,0,0,7,0,0,6,0
42654,The Clownfish Genuine,13,0,0,6,0,8,0,8,0,10,0
493829,Daniel Wellington Classic,0,11,4,15,3,3,9,11,8,7,6
179099,Advick Chery Wedding,0,0,0,0,3,4,0,5,4,0,2
208597,Fostelo Handbag For,14,0,3,11,4,13,20,7,2,26,5
240625,Polycab Elanza Premium,11,2,4,4,16,0,17,3,0,4,0
470326,Le Bourgeois Men,7,12,7,0,9,8,0,7,4,0,0
435459,Campus Veron Running,0,0,12,17,8,0,7,4,7,0,7
35392,Indian Sports Indico,2,0,0,0,18,7,0,0,0,8,8
96340,Axter Canvas Casual,18,22,31,20,17,0,8,13,11,19,11
104557,Rajnandini Magenta Cotton,1,7,0,0,4,6,7,4,5,8,0
279443,Damensch Soft Pack,4,34,23,0,15,0,14,12,5,0,0
198164,Avsar White Gold,0,12,8,6,0,6,0,7,13,7,0
530846,Womens Fleece Warm,13,0,8,9,5,10,15,13,17,7,0
347696,Qoxolyz Seamless No,8,29,13,15,13,19,1,18,29,15,0
528553,Cloudbox Tropical Floral,0,0,0,0,0,5,10,0,0,0,0
507507,Neutron Traditional Analog,5,1,0,4,16,25,15,6,22,26,0
261932,Artharvaa Retail Handheld,8,7,6,13,0,20,10,15,19,35,0
65468,Combo For Nikon,7,9,6,15,0,0,14,10,0,9,8
469823,American Crew Polo,6,4,0,5,0,0,0,0,0,0,0
382726,Royal Enfield Black,2,12,0,3,0,16,10,0,4,0,0
130328,Shritikas Women Cotton,0,0,0,0,9,4,5,7,0,0,0
323040,Reiki Crystal Products,15,12,10,9,2,29,36,15,32,2,9
421848,Bata Comfit Slip,11,2,14,8,4,13,0,0,0,17,0
287441,Mht Detachable Jean,1,10,6,17,13,19,13,10,9,37,0
172808,Don Diego Mens,5,10,16,9,10,6,26,16,1,28,6
238716,Absorbia Dehumidifier For,7,0,0,0,0,0,3,0,0,7,2
493980,Casio For Women,13,15,22,5,0,7,4,0,0,16,0
493385,Sonata Analog Watch,2,0,0,16,7,0,0,5,4,3,0
509610,Zebra Analogue White,0,5,3,11,8,23,3,12,15,10,2
321574,Melbees By Yellow,2,14,0,8,5,0,18,6,0,9,0
319765,Fancy Steps Baby,3,6,0,12,0,0,0,0,0,0,0
531939,Fleece Solid Side,5,4,15,7,0,7,0,0,5,3,4
238574,Pushkart High Speed,10,7,9,5,7,12,8,13,1,7,0
524084,Elliti Skinny Fit,5,4,8,16,9,28,16,4,14,7,0
39019,Asian Jute Tiffin,9,6,0,19,0,11,13,17,20,21,2
373759,Rope Leather Surgical,0,9,0,0,5,0,0,6,0,0,6
346223,Xs And Os,0,17,13,12,14,4,11,20,9,13,0
401662,Virokash Degree View,0,20,2,17,7,44,14,13,12,9,6
91409,Puma Streetballer Mid,0,0,0,0,5,0,0,0,0,0,0
164079,Zaveri Pearls Ethnic,2,8,13,13,9,15,0,16,2,3,9
523395,Kittybees Maxi Dress,8,4,6,2,8,10,15,7,0,13,2
364039,Fastrack Casual Analog,10,2,0,0,0,3,0,7,3,7,4
168424,Encanto Skipping Skipping,16,18,11,27,3,11,17,3,34,0,7
331811,Konvio Neer High,0,0,14,0,5,0,0,19,5,7,7
7866,Kuber Industries Fridge,7,5,5,2,2,0,0,6,3,0,0
479028,Urban Pendu India,3,7,8,7,25,4,11,0,17,3,3
198289,Avsar White Gold,7,16,8,6,3,15,11,10,5,21,0
111463,Xawona Net Design,12,3,0,0,6,3,0,0,5,6,0
447137,Campus Running Shoes,25,24,33,14,7,15,3,34,19,17,0
474603,Oplu Regular Fit,0,14,1,0,28,0,5,5,9,16,9
323254,Casdino Night Driving,5,0,5,0,0,0,6,10,0,4,0
182826,Axter Latest And,0,0,11,0,0,2,0,0,4,0,0
512441,Dollfashion Cancan Skirts,0,0,15,0,0,0,0,0,0,0,0
425272,Quantum Sonotrix Bluetooth,4,0,0,16,25,7,10,0,6,10,5
479805,Lee Men T-Shirt,3,0,16,19,0,15,9,17,15,13,11
111150,Longies Women Shorts,6,0,2,10,0,6,5,0,0,5,0
182261,Formal And Casual,15,28,16,0,1,12,0,0,11,7,7
307905,Natural Red Carnelian,2,5,24,0,0,0,0,13,0,0,0
243124,Lazer Aqua Therm,2,0,0,0,0,0,8,4,0,0,0
449782,World Wear Footwear,0,0,13,0,0,1,0,2,5,0,1
486331,Skillmatics Outdoor Game,0,12,8,13,22,6,0,0,18,9,5
63262,Smallrig Action Camera,7,4,8,7,0,4,0,29,3,4,6
404673,Park Avenue Slim,5,2,14,9,2,2,8,4,12,4,19
77777,Camera Shutter Upscale,6,8,15,10,3,17,14,21,8,17,9
337985,Bioway Ro Nrv,0,0,6,5,6,0,13,9,22,17,0
79114,Giante Storage Bags,0,3,5,6,0,0,0,0,9,0,0
174424,Zoom Shoes Mens,0,0,0,0,0,0,0,0,0,5,1
496395,Aglance Flower Owl,27,13,15,7,5,22,21,15,10,20,4
107237,Xforce Plaza Upf,0,9,7,7,2,0,0,0,13,5,0
457996,Reebok Mens Grey,11,3,0,12,6,13,11,20,12,3,3
95511,Metro Men Leather,0,0,0,0,0,0,9,3,5,0,7
342373,Hilorill Lingerie Lace,7,12,10,0,17,10,6,12,7,26,0
433890,Bourge Mens Running,11,12,16,15,25,18,25,11,20,6,0
100826,AJANTA Mens Copper Loafers,2,4,5,0,2,0,0,6,0,0,0
156025,Accessher Gold Plated,16,11,18,21,5,8,20,21,27,35,17
314179,Earring Non Piercing,16,24,37,21,11,6,14,4,6,18,13
164524,Sullery Les Bernard,16,23,6,0,29,13,8,9,14,11,3
18476,Qz Usb Type,10,8,8,0,10,14,6,15,13,9,6
251355,Printed Wall Mount,0,0,0,5,0,4,0,4,4,0,0
109455,Blissta Sky Organza,3,6,7,0,7,0,0,0,7,0,0
279201,Gosriki Cotton Printed,0,0,0,23,0,0,0,9,4,11,9
335617,Tj Atta Dough,8,21,8,4,8,20,2,4,9,9,0
184221,Mutaqinoti Black Oxford,18,5,23,15,0,18,16,2,10,14,0
369835,Ratti Carat Natural,1,2,13,0,0,2,5,0,0,0,0
56727,Agaro Facial Steamer,7,22,19,19,50,2,25,34,13,7,6
312326,Kirti Sales Super,0,6,7,15,4,2,0,2,0,5,0
339943,Meters Desk Stand,0,0,21,0,5,0,0,3,3,8,0
428081,Mtr Wireless Bluetooth,18,21,16,12,0,10,30,7,0,0,0
114560,Trendy Store Jacquard,20,12,10,5,0,13,29,14,2,0,12
529889,Rider,10,0,0,7,0,0,0,0,0,0,5
348678,Clovia Polyamide Padded,0,2,0,0,11,19,7,0,2,0,0
365011,D D Fashion,15,15,0,18,8,3,0,21,0,4,0
451982,Axter Multicolor Casual,7,2,8,14,1,0,5,0,13,0,0
87023,2ROW Men's Canvas Red Loafers,10,13,15,22,8,10,18,15,6,18,0
99104,Shences Genuine Leather,16,13,0,0,10,11,6,11,0,23,5
480834,Free Authority Superman,4,0,0,5,2,4,3,2,5,0,0
371615,Fossil Nate Analog,27,13,5,12,17,32,7,4,21,17,0
441592,Vector X Target,0,0,7,6,0,2,0,5,0,0,3
444298,Birde Premium Casual,0,3,18,0,18,6,0,7,4,4,0
334501,Prestige Pklss Electric,2,0,0,0,0,0,12,3,0,6,0
214464,Caprese Women's Handbag,5,15,0,9,8,8,0,0,28,23,0
312761,Morir Silver Plated,8,7,7,6,13,2,9,4,7,0,0
129220,Rajnandini Rayon Slub,4,0,6,4,8,9,16,13,2,5,0
371737,Sega Primer By,29,15,7,14,20,16,7,23,11,0,0
74394,Fisheye Wireless Panoramic,0,0,0,11,6,11,1,3,3,0,0
469649,Wrangler Men T-Shirt,14,11,24,20,0,16,3,19,2,12,13
228971,Earphone For Oneplus,7,0,8,0,0,12,4,11,21,5,6
13479,Genie Casual Backpacks,10,13,2,18,10,19,7,9,8,17,2
469322,Amazon Brand House,11,13,10,12,8,7,2,14,15,19,3
24614,Pets Empire Stainless,0,4,13,13,7,5,25,0,5,7,6
123436,Breez Cotton Full,4,6,18,7,16,0,0,7,2,0,2
381128,Sonata Beyond Gold,0,1,0,12,12,15,4,9,0,11,0
493045,Titan Modern Bandhan,7,0,17,8,5,14,7,17,7,11,0
299555,American Eagle Straight,3,7,18,11,6,5,12,16,0,0,2
514905,Knotty Needles Acrylic,0,9,17,9,16,5,7,9,0,15,3
514170,Lasmo Women Oversize,7,0,4,2,0,0,0,0,0,13,0
246500,Caprigo Super Heavy,0,0,0,0,0,5,0,0,8,0,0
34626,Generic Polyster Light,9,14,4,13,13,0,15,31,2,10,0
460778,Stroller Accessories Organizer,10,8,6,0,5,0,0,17,0,2,0
307355,M Men Style,0,0,0,7,0,4,4,4,0,0,0
483425,Calandis Single Row,2,8,12,6,15,10,0,0,6,6,13
437727,Klepe Boys F18 Running Shoes,0,5,0,0,0,0,2,0,0,0,0
228236,Bitpro Newly Launched,0,5,0,0,0,0,0,0,0,5,0
159673,Glass Empire Metal,6,7,5,7,12,0,0,9,4,0,0
103647,Amazon Brand Symbol,0,6,0,1,17,8,0,0,3,10,0
152796,Zaveri Pearls Rose,10,39,9,26,6,2,4,9,13,9,0
439586,Jeke Latest Lightweight,5,5,9,6,5,5,20,7,0,18,0
154371,Dainty Tai Chi,6,2,6,2,0,0,0,1,8,10,0
195979,Zeya Yellow Gold,27,0,22,20,14,6,5,1,3,0,0
488071,Maglite Cell Aa,5,9,5,0,12,27,8,20,3,11,0
479086,Aspirer Mens Cotton,5,0,10,12,5,4,0,28,13,1,0
179810,Trendy Shoes Synthetic,0,11,12,0,5,0,9,17,0,4,0
484084,Ohm Variable Pieces,3,1,5,0,2,4,3,0,0,4,0
477468,Jack Jones Regular,5,0,0,9,0,6,18,3,12,26,8
145989,ALC Creation Women Kurta,0,0,0,2,0,14,7,0,0,0,0
205034,Pc Jeweller The,0,0,8,0,0,0,0,0,0,0,0
256909,Bsb Cotton Ultrasonic,5,1,6,12,5,10,3,5,23,0,3
416117,Monte Carlo Men Shirt,14,0,7,14,5,7,16,8,12,9,0
512994,Dhruvi Trendz Women,20,7,17,12,7,16,13,21,14,5,11
503140,Lucasi Casual Analog,13,19,0,9,15,0,20,8,0,7,6
317400,Shining Jewel By,6,0,4,3,7,6,0,10,11,0,0
351219,Senslife Wine Satin,6,12,9,20,0,0,3,0,0,6,0
313541,Dinjewel Ratti Certified,14,5,0,7,0,0,0,15,0,0,0
204510,Pc Jeweller The,3,0,11,0,7,6,7,1,6,6,0
167732,Carlton London Womens,11,20,18,4,6,8,7,5,11,2,5
418171,Spykar Slim Shirt,0,10,0,0,0,13,3,0,7,14,5
130019,Vaamsi Crepe Digital,8,19,31,6,26,0,8,8,28,0,0
233458,Timbresonic Bounce Plus,5,0,0,0,0,0,0,2,6,5,0
425335,Bhuvanesh Enterprises Clear,11,0,0,23,9,0,0,6,7,4,0
384083,Skylark International Double,9,9,9,2,4,16,20,12,6,4,0
7293,Inch Spun Filter,4,4,6,0,5,0,4,9,0,17,4
292110,Pixievixen Denim Regular,0,32,32,12,10,0,2,22,16,7,7
88880,Puma Mirage Sport,5,12,9,13,2,6,6,7,0,30,6
368212,Sparx Newly Arrival,13,10,4,12,4,6,3,0,0,4,0
320331,Sunshades Reading Glasses,0,0,0,0,0,0,2,0,4,0,0
210393,Milisten Pu Leather,12,20,2,11,12,10,5,17,9,7,0
131860,Jaipurite Rayon Printed,5,2,22,34,24,32,3,14,3,2,7
214604,Style And Culture,7,7,0,0,0,0,7,16,0,0,0
171798,Liberty Men Formal,6,4,0,0,0,0,0,0,1,0,0
465293,Toxi Holi T,3,5,13,0,5,0,11,15,20,6,0
2191,Magic Filter For,0,7,0,0,0,0,0,0,0,0,0
55986,Aerosoles Fibbie Flat,8,11,3,0,0,10,10,7,7,22,0
121020,Kitty Fashion Women,22,6,10,11,13,2,11,13,0,2,0
197612,Pc Jeweller Yellow,5,0,4,18,10,19,15,4,4,5,0
390455,Campus Center Running,6,9,0,0,0,5,0,8,7,0,6
436241,Nike Mens Air,0,11,0,4,4,10,0,7,9,7,0
120731,Mincerfit Pairs Nipple,11,0,7,0,0,10,6,14,1,7,0
280235,Ujeavette Tactical Vest,0,0,6,6,11,11,6,11,7,7,0
43119,The House Of,7,0,0,9,17,5,21,4,0,8,2
164841,Sukkhi Glimmery Gold,18,36,0,9,2,28,17,1,2,14,0
134358,Pujia Mills Embroidery,0,9,4,6,19,4,10,0,18,6,7
124283,Wmx Women Compression,2,0,3,0,0,9,6,0,2,6,0
441357,OORA Men Running Shoes,6,10,14,10,0,12,0,6,3,5,0
383478,Sg Musical Set,0,9,0,7,3,1,0,4,0,21,12
226478,Bell Wired Headphone,3,0,15,19,6,5,3,8,10,5,4
92738,Walkaroo Boys Black,0,4,0,0,0,0,4,0,7,0,0
515895,Purvaja Bodycon Knee,0,0,0,10,10,0,0,0,3,0,0
461798,The Amazon Choice,3,4,7,3,0,0,0,0,0,0,0
67410,Anbee Osmo Action,0,5,1,0,9,9,0,7,9,11,0
487737,Luxula In Hanging,0,9,10,4,3,0,0,10,20,0,3
521909,Style Quotient Women,0,0,0,3,0,1,0,4,16,0,0
171114,Bxxy Height Increasing,10,0,22,7,8,35,12,19,6,8,8
488069,Leatherman Brown Keyring,27,4,16,18,18,0,0,10,1,9,6
499618,Sri Jagdamba Pearls,8,23,14,5,17,6,0,0,7,15,6
99327,Bersache Casual Shoes,0,3,14,0,0,7,0,0,0,0,0
336780,Orient Electric Kratos,8,0,8,11,11,17,13,12,0,16,6
173886,Metro Men Mocassin (19-6625),0,0,9,0,0,0,0,0,0,0,0
60051,Saviaura Sheet In,0,4,0,0,0,0,0,6,0,2,5
49065,Ovuro Clear Toiletry,10,8,8,0,0,7,12,6,5,11,11
209987,Vish Small Sling,0,0,0,0,0,0,6,0,0,0,0
277143,Bancroft Lycra Ice,0,11,0,0,7,0,0,1,0,0,0
373364,Dixcy Scott Innerwear,4,13,10,0,7,18,10,0,7,0,5
158671,Miss Jo Sterling,11,19,0,10,10,1,7,7,11,19,0
130370,Ratan Georgette Straight,9,0,8,0,1,9,0,7,0,7,4
384132,Roland DP10 Damper Pedal,10,0,7,11,0,0,0,0,12,0,7
22802,Davidoff Rich Aroma,0,0,0,4,0,10,0,0,0,2,0
462734,Scube Fashion Women,0,0,0,2,0,0,5,0,0,0,0
45613,Nasher Miles Lombard,15,0,3,11,23,12,9,0,11,12,0
315547,Rajoria Jewels Victoria,19,4,11,11,18,17,14,5,27,4,0
452883,Nike Revolution Running,0,4,39,0,5,2,0,4,0,0,0
346601,Innerstyle Cotton Floral,0,0,9,0,3,7,0,10,0,0,0
338513,Cello Puro Benz,5,14,0,0,6,8,0,0,0,4,0
13503,Sandisk Ultra Fit,0,0,0,0,0,0,0,0,7,0,0
96462,Aircum Lightweight Casual,0,6,0,0,0,0,2,3,5,11,0
122721,Narsingha Dreams Cotton,11,9,4,5,8,11,13,13,0,0,11
272809,Neva Cotton Vest,9,9,12,9,13,16,0,19,5,6,4
204270,Pc Jeweller The,11,13,4,2,9,4,0,9,0,0,0
216271,Fashion Overseas Beaded,5,0,7,0,0,0,15,7,0,7,0
287547,Lee Men's Skinny Fit Jeans,6,10,9,0,4,0,0,16,0,11,7
217295,Romofy Pu Synthetic,15,0,0,0,0,0,0,0,0,7,0
480505,Beebasic Cotton Regular,7,13,5,14,23,4,9,5,5,9,3
524249,Regular Fit Lounge,8,11,0,6,0,0,2,9,0,2,4
10395,Rifle Full Chain,0,7,1,0,9,3,0,0,3,16,0
358620,Geifa Women Anti,6,0,5,6,0,0,1,4,4,11,0
171147,Bata Mens Harrier,0,0,0,0,0,0,0,6,0,11,0
246672,Peiroks Ltg To,5,7,3,0,12,0,5,21,0,4,3
12288,Embox Cube Extension,3,0,0,9,7,0,4,0,9,0,4
204620,Pc Jeweller The,0,0,0,0,0,0,3,0,0,0,0
269016,Jack & Jones Regular Fit Vest,5,0,0,18,5,6,7,15,12,13,12
365133,Just Rider Sweat,7,18,7,9,5,4,5,0,11,12,6
8389,Lyle Micro Fiber,5,0,0,3,0,7,0,0,2,0,0
378064,M Men Style,0,5,8,0,12,7,5,0,5,6,0
463249,Imported Retro Sunglasses,0,0,0,1,0,0,0,0,15,0,0
533532,Powermax Fitness X,0,0,0,2,0,0,0,0,7,0,0
167024,Cattails Women Casual,0,0,14,0,0,0,0,7,0,8,7
387208,COMPATIBLE FREEZER DOOR,10,5,6,14,33,17,15,4,12,3,0
434461,Red Tape Men's Running Shoes,8,0,13,6,3,5,0,20,4,4,0
29576,Heycandy Baby Bath,10,9,0,5,14,6,0,11,0,9,4
378167,Hush Puppies Miles,12,9,9,3,15,9,2,0,2,0,0
229679,Le Delite Unicorn,0,5,0,9,3,0,12,4,0,4,0
213580,Leaderachi Vintage Hunter,0,0,4,0,0,0,0,0,0,0,0
255682,Meotion Power Sharing,0,5,0,0,5,0,10,6,0,0,0
278753,Gosriki Cotton Printed,22,0,17,4,5,0,5,14,3,0,0
401674,Digital Trail Camera,8,6,10,8,0,1,6,10,9,6,0
288748,BUFFALO Men's Slim Jeans,0,0,0,0,8,3,0,0,1,0,0
297641,Cargo Jeans,12,6,1,3,6,4,6,4,6,0,5
132255,Trendy Cotton Designer,28,12,18,8,10,19,11,7,8,10,0
478095,Chkokko Men Cricket,0,9,1,0,0,17,20,10,9,8,9
358189,Enamor Minimizer Full,0,0,0,0,0,0,0,3,0,0,0
281964,Mop And Broom,4,0,0,7,6,2,3,8,18,11,0
60748,Qbm Dc Battery,0,0,0,0,8,0,3,0,0,0,0
31710,Eio Front Open,6,0,7,0,0,0,0,0,8,10,0
271674,Hap Modern Boxer,0,0,10,0,7,2,0,0,0,9,0
174419,Yipsy Synthetic Leathe,0,0,0,0,0,0,0,0,5,0,3
454073,Asics Ds Light,0,0,10,11,0,0,0,4,0,0,7
476561,Bewakoof Never Mind,0,7,25,2,3,5,2,0,5,6,0
314403,Pinkcity Gems Carat,8,7,12,6,10,13,11,11,29,5,0
392579,Backpack For Women's/Girls,0,0,5,0,0,0,0,0,1,7,0
9719,Oswim Wooden Finish,1,0,0,0,2,4,4,6,0,0,0
465445,Polo Regular Fit,17,11,19,7,19,13,34,7,6,11,4
188679,Heera Moti Corporation,10,0,19,0,17,3,21,14,7,0,0
196178,Malabar Gold And,0,0,6,10,0,9,0,0,8,2,0
146810,Bengal Handloom Exclusive,0,13,0,0,3,0,0,0,0,0,5
1848,Samsung Kg Star,10,0,8,0,0,9,3,12,27,0,0
504590,Moksha Analogue Men,4,0,0,0,0,0,0,0,0,0,0
119579,Beginners Sports Bra,0,5,0,4,5,5,0,0,0,0,0
26670,Zaveri Pearls Pink,10,9,18,9,5,8,20,8,13,10,2
31138,Neoprene Scuba Diving,13,11,7,7,7,4,5,5,15,0,0
130438,Regular Fit Cotton,0,0,5,0,4,7,16,2,9,5,4
294020,Jeans For Mens,7,20,28,42,27,31,17,23,6,11,0
298165,Spykar Regular Fit,4,0,4,6,0,0,0,5,5,0,0
385667,Raaya Set Of,0,9,6,6,6,9,4,0,9,11,0
276089,Maleno Thermal Pajama,0,12,7,4,5,0,0,5,0,0,0
489304,Vms India Waterproof,5,8,5,9,4,0,7,7,0,6,0
164550,Zaveri Pearls Kundan,0,0,0,0,0,0,0,0,0,5,0
144635,The Blazze Cotton,0,0,7,0,0,0,0,0,0,0,0
451119,Nike Air Force,0,0,0,0,0,0,0,0,0,8,0
473551,Adidas Men's T-Shirt,0,8,16,18,5,1,4,6,0,5,0
82798,Car Craft Car,20,12,12,6,15,9,26,2,18,3,0
95344,Harmeet Sport Shoe,14,4,7,8,13,0,7,17,8,19,7
16783,Thegiftkart Flip Back,4,7,5,6,0,6,10,2,5,22,0
70570,Egate Pro Full,2,5,0,1,0,0,0,0,8,0,0
493924,Sonata Onyx Analog,2,6,14,4,3,7,0,4,6,13,0
1752,Aquaultra Dolphin Stage,2,6,18,13,5,4,4,14,1,10,3
403362,Ramraj Cotton Mens,0,0,0,0,0,0,5,7,5,0,0
415179,Jainish Mens Brought,6,0,5,14,3,1,0,14,11,0,4
490229,Walletin Black Leather,5,0,8,3,0,5,13,0,0,0,0
51545,Vanya Handicraft Collection,7,0,0,0,8,8,15,0,4,4,0
35651,Double Racket With,2,0,16,0,8,6,5,5,8,5,0
442428,Campus Kent Pro,6,3,9,0,0,0,0,3,11,0,0
101433,Puma Pacer Future,12,15,0,6,8,9,14,16,0,7,1
262169,Kuber Industries Cotton,0,3,0,15,0,2,3,5,9,0,0
133177,Diamo Cotton Embroidered,0,0,0,0,0,9,0,0,0,6,0
437031,Vector X Blaze Football Shoes,14,13,12,0,26,14,31,5,5,2,0
174143,Bata Black Formal,0,8,11,15,19,11,1,7,4,0,0
415731,Hammersmith Casual Millennium,10,6,0,2,0,10,3,0,7,2,0
234947,Lux Soft Get,7,0,0,6,7,0,7,6,4,8,0
452947,Skechers Mens Go,19,7,6,10,0,8,13,11,0,4,20
44830,F Gear Circadian,14,26,10,29,3,13,10,0,1,8,3
396966,Sekuai Wireless Wifi,0,5,0,1,0,0,0,6,0,0,0
83179,Decode Car Center,0,4,11,8,13,6,9,10,8,5,3
296210,Turtle Men Navy,6,0,5,0,7,17,6,28,18,14,0
94898,Puma Mens Camo V3 Sneaker,3,16,9,5,16,0,27,12,5,16,0
344402,Rilo Printed Hosiery,0,4,7,0,0,5,19,8,2,7,0
377290,Red Chief Sandals,15,11,8,7,5,12,0,21,16,3,1
21112,Kakss Neoprene Dumbbells,0,0,0,0,0,0,5,1,0,0,0
502791,Daniel Klein Analog,8,10,0,13,2,3,6,6,8,3,0
31088,Hopscotch Baby Boys,8,0,0,8,1,7,6,0,3,33,14
372046,Joyalukkas Gm Bis,11,3,9,12,2,16,26,12,12,5,0
278756,Gosriki Cotton Printed,0,6,2,0,2,4,0,5,12,0,4
446898,Running Shoes,1,0,9,13,0,9,0,8,3,13,0
258453,Kuber Industries Plastic,6,0,2,13,0,2,0,15,7,0,8
53042,Rmax Women Felt,0,0,3,0,8,16,3,6,3,6,0
325636,World Wear Footwear,0,0,0,4,0,0,5,0,0,0,0
218899,Nine West Kylee,0,0,5,5,4,0,0,0,0,4,0
75332,Rechargeable Pack Compatible,5,0,12,9,0,0,4,0,5,8,7
264136,Dockstreet Boxer Brief,18,2,5,19,0,12,3,13,12,0,0
453082,Liberty Men Sports,0,19,17,22,3,0,5,4,0,0,0
514428,Rr Sa Kurtis,34,0,7,4,8,7,7,13,6,3,0
209196,Zouk Handcrafted Mughal,10,3,8,18,1,8,7,8,14,12,2
215389,Hidesign,0,9,8,0,3,3,0,0,0,0,0
322060,Rehtrad In Set,0,6,0,0,0,9,0,4,10,7,2
14315,Esr Boost Kickstand,0,4,7,0,1,7,0,0,4,3,0
149832,Akshita Gems Ratti,5,24,0,7,7,9,20,21,7,20,0
513076,Comfort Lady Straight,23,14,17,15,2,6,5,2,22,0,0
55626,Shoetopia Casual Outdoor,0,17,0,0,0,0,4,0,0,4,5
21228,Invincible Nylon Sauna,20,19,8,9,0,20,6,10,0,0,4
267216,Dixcy Scott Maximus,4,10,0,0,0,0,4,3,0,1,0
444621,Fusefit Compact Running,16,14,8,20,35,14,14,3,9,9,16
491990,Panasonic Kg Star,9,0,22,3,16,22,12,3,11,6,0
139967,Thapki Printed Rayon,8,0,2,5,22,0,0,11,11,6,0
416542,Arrow Men's Regular Fit Shirt,4,24,7,16,11,4,0,3,0,12,4
227068,Govo Gokixx Bluetooth,18,4,19,7,14,0,7,3,21,26,0
483758,Rishabh Digtial Multimeters,9,20,6,19,4,15,2,5,11,26,0
291709,Slim Fit Denim,0,0,0,9,3,6,13,0,7,0,6
141400,Krishmam Fashion Kanchivaram,11,4,2,0,9,23,9,9,11,4,8
185566,Chappal Mens Leather,0,17,1,0,0,3,13,8,24,13,6
216448,Spotic Pu Synthetic,0,0,0,0,0,0,0,10,0,14,0
198039,Pc Jeweller Rose,0,10,5,6,3,7,4,10,1,0,0
99271,Starter Men Solid,14,0,9,16,19,10,9,0,10,0,0
451041,Puma Supertec Zero,0,3,0,0,6,6,0,2,10,0,0
20859,Boldfit Skipping Rope,8,0,3,13,21,10,12,2,17,6,0
90399,Stylish Casual Chelsea,5,0,16,2,4,0,14,13,7,0,0
57236,Lifelong Nose And,5,15,15,9,5,5,22,12,0,11,0
202078,Avsar Rose Gold,6,12,21,0,24,7,20,0,13,14,12
268001,Lux Cottswool Black,0,6,0,5,0,5,5,8,1,11,0
180898,Lee Cooper Mens,0,15,13,19,26,14,12,10,0,0,0
312075,Knighthood Golden Air,0,3,0,3,0,0,0,0,0,0,4
372833,Sonata Analog Champagne,12,2,3,23,8,0,5,12,16,1,4
319975,Sini Mini Sinimini,0,3,5,7,0,0,6,0,14,6,0
137496,Vaamsi Poly Silk,41,0,12,28,9,13,7,10,20,15,2
463790,Regular Fit,0,9,2,0,6,12,0,3,7,0,0
23613,Wowon Art Dual,0,13,0,6,0,4,0,0,0,7,0
108829,Hitarth Fashion Georgette,0,6,0,0,0,0,0,15,6,0,0
84603,Red Chief Leather,0,0,0,4,0,2,9,0,0,4,0
102683,Amazon Brand Tavasya,10,21,0,10,0,10,19,0,7,31,3
383402,Hohner Harmonica Special,0,5,0,0,0,16,0,14,2,0,0
366118,AELOMART Men's Cotton T-Shirt,4,2,0,7,12,5,3,0,0,7,0
359675,Just Herbs Ayurvedic,11,1,19,10,6,14,3,6,7,0,19
92066,Aqualite Mens Flat,5,23,3,10,2,6,13,3,0,22,3
264097,Pepe Jeans Innerwear,4,6,5,11,17,5,4,12,8,5,0
347538,Suruthi Premium Adjustable,16,12,3,0,1,8,27,0,5,14,9
220373,Passion Petals Apple,10,10,21,2,20,13,13,18,15,6,0
108269,Organic Cleanse Women,14,6,14,3,31,7,14,20,16,12,15
101083,Sneaker Zig Zag,8,14,3,2,11,17,12,16,3,9,0
293144,B Z Sasta,7,7,17,5,26,9,0,11,29,15,0
151234,The Bride Made,10,12,4,6,7,11,9,0,12,7,0
156687,Om Jewells Combo,7,6,8,6,0,0,9,0,5,6,0
44543,Caprese Womens Faux,3,3,9,2,0,0,2,0,0,0,0
98066,Jack & Jones Men Sneakers,0,0,12,22,0,0,2,4,5,0,0
25126,Delzon Liter Water,0,0,0,3,9,13,0,4,8,13,0
156861,Youbella Jewellery Gold,1,17,6,13,12,29,4,14,0,26,26
142458,Max Women Women,0,0,12,0,5,18,7,25,36,0,6
170533,Outdoor Boots With,12,4,2,8,6,2,9,3,14,6,3
158520,Yellow Chimes Bangles,7,0,0,5,0,4,10,0,0,0,11
94434,Clarks Roxby Lace,3,0,0,6,15,5,2,0,0,0,0
120086,Max Printed Round,13,0,24,17,10,16,12,15,14,37,0
359966,Thebalm Meet Matte,3,10,0,7,0,0,0,2,0,0,0
527013,Fablab Viscose Solid,0,0,1,0,0,0,0,0,0,0,0
97918,Tzaro Genuine Leather,14,3,0,13,7,0,22,0,17,19,19
53681,Brandway Portable Foldable,2,0,0,1,0,8,3,0,2,0,6
186771,Ronzo Business Genuine,5,0,8,11,14,9,6,9,5,6,0
174310,Liberty Womens Agk-310 Loafer,0,0,7,7,23,10,0,0,6,1,0
314202,Electroprime Fashion Men,0,7,15,8,11,4,9,17,4,5,0
298347,Simon Carter Men Jeans,9,16,4,12,14,11,10,8,13,19,15
505928,C36RG BLK Peach Fosil L_S,4,0,4,4,0,2,0,0,0,0,0
140606,Zeel Clothing Chinnon,2,8,16,0,0,5,14,17,15,19,10
254636,Electvision Remote Compatible,19,31,10,9,3,3,3,25,19,5,5
448494,Lancer Mens Platform,3,18,0,32,0,11,3,8,7,13,7
196737,Zeya Yellow Gold Ring,28,21,5,12,0,18,0,0,20,3,0
320991,Polarized Clip On,7,4,5,11,16,14,0,0,7,12,3
75454,Proaim Snaprig L,15,15,5,8,10,11,4,0,9,18,7
40496,Store Frog Eye,3,13,19,6,11,6,0,14,1,0,0
76192,Action Pro Silicone,9,2,20,0,15,18,6,41,12,13,0
127144,Happi Doggy Dental,6,0,4,2,10,10,3,3,0,4,0
248376,Kebilshop Mm Jack,17,3,0,20,13,0,2,19,0,5,0
26938,Womens Fleece Warm,0,9,0,4,6,6,0,22,8,6,0
417874,Nike Men Shirt,9,3,10,10,14,10,2,13,25,2,5
286835,Spykar Men's Skinny Fit Jeans,0,0,11,5,0,5,12,0,0,7,0
288953,Dragaon Stretchable Knitted,4,16,13,13,3,5,9,7,12,21,10
20682,Cleaner In Keyboard,18,41,0,29,17,38,10,29,4,0,5
124849,Cread Craft Winter,0,0,6,2,4,0,6,0,0,0,0
268988,Amul Of Comfy,4,0,3,10,11,0,7,1,8,14,3
305772,Jewels Galaxy Multi,13,3,5,11,7,0,0,15,13,14,0
311126,Saiyoni Combo Of,9,0,0,0,2,0,0,0,0,0,0
2842,Ibell Premium Electric,5,5,4,4,6,21,8,5,4,7,11
447344,Puma Mens Deviate,4,0,0,0,0,9,4,3,0,0,0
289312,Monte Carlo Regular,0,12,0,0,0,0,8,0,0,0,0
240086,Tdo Silica Gel,7,4,5,6,13,0,3,2,0,0,0
466425,Generic Gujarat Titans,0,0,0,9,2,0,7,0,0,6,0
232345,Ultralinx In Ear,0,0,0,2,12,12,12,4,0,0,0
407754,Wrangler Men Brown,3,8,4,0,0,6,7,6,5,0,0
62284,Rechargeable Battery Select,10,16,5,0,3,17,15,6,8,0,7
312732,Rudradivine Unisex Brown,4,0,9,3,3,22,0,11,3,0,0
260924,Hospitime Laryngoscope Spare,0,0,0,8,3,0,0,0,4,7,0
382720,Creatick Studio Shree,0,4,7,0,6,9,0,0,0,0,0
236983,Racold Andris Uno,8,0,6,6,0,0,0,0,8,13,0
154729,Gadgetsden Belly Button,3,21,17,0,6,0,4,10,0,6,0
64188,Rezarge Heavy Duty,0,11,0,0,0,0,3,0,4,9,0
470455,Creativit Graphic Printed,0,21,1,5,2,11,7,5,0,11,6
213802,Baggit Tote Handbag,0,7,5,21,7,11,3,0,5,8,6
442211,Puma Fabian Puma,13,13,0,5,8,2,10,5,7,4,0
106987,Lymio Tops For,0,14,7,0,7,0,0,9,0,0,0
249150,Rts Hdmi Cable,8,2,0,15,0,21,2,21,0,4,3
283598,Peter England Regular,7,0,19,14,10,5,4,12,15,5,0
287339,Lee Slim Jeans,0,0,11,0,0,0,5,0,5,7,0
28907,Mamaearth Milky Soft,1,9,6,4,4,11,0,6,1,6,7
486482,Am Drop Shape,6,14,6,1,12,0,3,3,9,0,0
439942,Bourge Boys Running,24,15,27,17,11,28,18,0,9,13,0
453174,Woodland Leather Hiking,0,6,4,9,6,2,6,7,2,15,6
356841,Amazon Brand Myx,17,0,6,0,0,7,0,6,9,13,0
371113,Bourge Mens Running,16,0,9,0,2,8,0,12,0,7,2
216932,Ready Shop Go,8,10,5,9,9,2,7,14,12,18,0
228449,Shashikiran Kitties Cartoon,0,9,0,7,0,6,5,18,8,18,0
328200,Trokopoka Metal Vintage,11,0,4,0,20,0,8,10,5,0,6
140273,Sqkurti Women Rayon,0,0,11,3,6,5,5,6,0,0,0
446222,Cloud Ace Iii,0,23,6,17,4,18,18,6,9,19,14
14877,Seagate One Touch,6,12,0,0,0,0,0,11,5,3,0
517008,The Souled Store,13,0,16,0,6,6,9,4,0,10,0
397999,Quaint White Fisheye,0,9,0,6,0,0,8,0,5,0,0
140136,Femezone Rayon Angrakha,8,0,3,9,0,14,4,3,12,6,0
330596,Xl Multi Purpose,0,0,11,0,0,0,0,5,4,0,7
501924,Kiroh Black Queen,0,10,19,11,12,5,0,7,1,7,0
16842,Amazonbasics Laptopss Sleeve,17,0,0,5,0,0,0,0,0,7,0
51914,Samsonite Evoa Polycarbonate,0,2,4,12,6,0,14,7,26,7,21
441968,Asics Running Shoes,7,4,0,7,15,0,0,0,0,2,0
403344,Accox Long Full,3,6,0,8,8,8,4,5,4,11,0
95240,Louis Stitch Tortilla,0,0,0,0,2,0,6,8,0,0,0
485445,Lucky Brand Microfiber,8,5,0,1,4,0,0,12,3,0,0
235939,Geek Aire Inch,0,0,6,0,0,6,2,0,0,0,0
501408,Girisa Royal Blue,0,20,21,6,7,30,6,6,14,10,2
148209,Yellow Chimes Pendant,7,9,6,11,3,4,15,12,26,0,0
202249,Pc Jeweller The,0,0,0,0,8,0,16,6,0,5,3
165691,Priyaasi American Diamond,0,0,0,0,10,6,7,18,0,0,0
144801,Biba Cotton Salwar,0,5,0,8,0,11,7,41,9,12,11
345325,Serene Touch Women,6,7,16,6,10,7,8,0,11,20,0
103983,Studio Shringaar Georgette,4,5,0,0,7,0,5,2,0,0,9
198980,Pc Jeweller The,0,10,10,7,20,5,0,0,8,10,0
227633,Hitage Extra Bass,0,5,11,6,6,6,0,15,6,12,0
93169,Puma Cape Idp,19,6,0,27,8,3,0,9,8,7,6
342483,Amante Print Low,24,32,30,12,16,10,23,10,9,15,0
312071,Mens Fashion Jewellery,3,26,23,15,7,16,4,2,20,14,0
151208,Afj Gold Copper,12,7,0,5,10,0,5,14,7,0,10
389601,Soft Fishing With,0,0,0,0,0,0,0,0,0,3,0
30937,Baby Moo Cute,9,0,6,0,21,22,0,1,21,0,7
92079,Platoon Boots TAN EU 43 / UK 9,6,0,0,0,0,6,0,9,0,0,0
22400,Maggi Magic Cubes,13,13,4,18,8,3,5,0,8,13,0
105793,Mirchi Fashion Stylish,4,6,0,5,7,10,10,3,0,0,0
109035,Anayara Rayon Casual,0,19,5,17,17,5,2,8,6,9,0
481124,Classic Polo Mens,6,0,3,7,0,0,0,4,4,0,7
148065,Mithila Handicrafts One,15,12,15,12,7,6,0,22,3,7,13
400652,Shopamz Camera With,14,0,13,16,1,7,16,5,0,10,10
507031,Tiyona Analog And,0,6,5,13,8,0,6,0,5,12,3
512850,Oversized Loose Baggy,25,27,5,15,5,7,30,0,2,12,2
420011,Cavallo By Linen,9,6,19,12,3,14,19,20,15,7,0
39592,Tata Cliq Online,2,0,8,0,8,0,7,0,2,10,0
445115,Adidas Mens Lite,0,0,0,0,4,14,3,0,8,3,0
77130,X Portable Background,8,6,7,15,15,14,5,1,0,39,2
93817,Sparx Mens Dark,0,12,18,13,0,18,4,16,2,11,0
482718,LG LED TV Black Size 50 inch,3,7,5,0,0,12,0,0,2,0,6
219636,Trend Overseas Brown,0,0,3,0,13,18,19,8,12,7,0
230532,Markif True Wireless,7,6,8,4,0,0,0,0,4,0,0
357491,Jara Collection Net,0,0,13,8,0,8,6,0,0,0,0
166975,Infinity World Casual,0,0,0,7,4,0,5,0,0,0,0
21583,Killer Regular Track,7,9,8,4,10,0,3,19,6,49,0
7883,Karcher Wd Litres,0,8,17,31,6,15,9,0,7,10,12
487604,Faynci Silver Long,0,0,0,4,0,0,4,0,0,0,0
307959,Three Shades Mens,4,0,7,5,0,0,4,0,4,8,6
249956,Tobo Hdmi Extender,17,7,16,9,4,7,23,22,10,0,0
215507,Cathy London Synthethic,0,11,17,10,6,13,0,19,0,0,0
395631,Fredi Hd Plus,10,11,5,0,18,6,17,15,8,11,0
102788,Lux Lyra Ankle,18,2,0,0,6,5,5,0,4,5,0
24877,Cosco Tuff Heavy,18,9,0,2,9,9,17,3,7,17,0
43068,Denali Horizontal Plain,0,4,0,4,0,0,0,8,0,0,0
70540,Storage Box For,5,4,7,9,13,9,5,5,11,5,0
361131,Revlon Colorstay Look,10,6,0,0,0,0,8,0,0,0,0
505206,Crazyify Beaded Star,0,0,8,0,0,8,5,0,0,16,0
477187,Bon Organik You,6,7,4,6,0,6,0,0,6,10,15
105336,ishin Women salwarsuitset,7,5,6,0,9,33,0,7,7,5,0
278570,Slowloris Advanture Men,9,14,0,12,0,7,0,9,5,0,0
71900,Device Of Urban,13,15,0,8,8,17,2,9,14,5,0
101942,Aadi Mesh Outdoor,2,6,0,0,0,0,0,0,7,0,0
430077,Shopnet Wireless Bluetooth,9,16,19,21,9,3,12,14,10,13,0
527394,M Moddy Wide,6,6,0,10,12,10,13,10,18,10,0
488049,Bon Organik Kids,2,0,13,5,6,17,7,6,0,6,0
421061,Peter England Cotton,9,1,4,2,5,15,4,12,31,8,16
84080,Sparx Mens Sm-789 Sneaker,15,32,25,2,22,4,32,12,23,12,4
342934,Zeyo Cotton Heart,5,9,0,11,29,3,8,11,26,7,17
371547,Style Shoes Leather,0,3,0,0,0,0,0,0,0,4,0
430834,Shopnet Wireless Bluetooth,0,0,0,0,0,0,0,0,6,0,0
255868,Kuber Industries Cotton,0,0,7,4,0,10,6,0,0,13,0
283989,Peter England Slim,6,0,9,0,0,0,0,0,21,3,0
271578,The Blazze Tank,16,12,0,7,21,1,5,11,32,9,0
399407,Ayika Secret Wrist,0,6,16,6,0,1,2,3,0,0,0
12855,Astroghar Mini Hand,0,0,0,2,3,0,0,5,2,0,0
393838,Favone Cctv Camera,8,4,1,5,13,0,0,0,7,1,0
50940,Eco Right Bucket,12,11,49,3,11,2,9,12,15,4,0
271595,Van Heusen Men,3,0,2,0,3,8,0,9,8,0,0
18911,Istar Tv Set,0,7,0,1,0,5,8,5,2,7,0
409507,Arrow Men Shirt,23,0,10,11,10,19,8,0,29,2,7
7953,Qonetic Electronic Kitchen,16,10,4,0,0,0,7,12,10,6,0
385034,Teat Dip Cup,0,0,0,8,0,6,0,0,0,0,0
181056,Riyen Genuine Leather,0,0,4,0,0,0,0,5,0,0,0
106167,Miraan Cotton Printed,2,9,27,13,9,9,19,17,17,17,0
288767,Pepe Mens Pocket,29,10,5,1,0,17,7,0,11,5,0
367939,Police Leather Coin,16,13,3,10,0,6,1,12,9,6,0
92686,RedTape Men's Tan Sneakers-6,11,0,0,0,13,0,0,9,0,17,7
59053,Bsb Home Resham,16,0,0,5,8,5,16,0,4,3,0
308243,Moneekar Jewels Stainless,25,12,6,10,2,0,4,12,11,0,0
266435,Newd Printed Underwear,3,18,6,12,11,4,2,0,9,18,13
368931,Nivia Polyester Football,7,20,5,10,13,7,2,6,0,2,0
403246,Majestic Man Slim,1,0,0,5,8,14,3,0,6,11,0
132201,Fancy Lifestyle Girls,0,0,4,5,0,0,2,0,0,0,0
528764,Cotton Breeze Midi,5,2,3,8,0,11,0,6,0,0,0
363142,Sparx Mens Sd0734g Sneaker,13,4,0,11,6,9,4,21,0,3,5
532537,Flingr Poly Spandex,34,4,36,17,1,14,32,7,14,11,3
311131,Mahi Cross Leaves,6,0,7,2,0,0,0,0,7,0,0
214358,Apb Estore Hand,0,8,0,0,5,0,2,0,18,6,8
520346,Adbucks Silky Cotton,7,0,6,0,0,2,7,7,11,6,0
318227,Chakradhari Brown Crystal,8,10,12,9,21,13,5,11,6,6,7
519749,Thuban Fashion Women,2,0,7,11,3,6,25,19,4,0,0
437218,Amble Outdoor Sneaker,16,12,31,14,11,11,26,9,23,6,6
258682,Kuber Industries Parachute,15,0,0,7,1,15,6,3,0,0,0
48777,Vokan Women Backpack,2,2,11,8,11,15,4,0,10,25,5
356609,Herryqeal Women Lingerie,0,17,6,0,0,10,0,0,0,0,1
183598,Louis Stitch Style,29,10,13,3,13,10,7,41,33,13,0
338063,Sk Rayanelectric L,0,0,5,6,0,0,5,0,0,0,0
15731,Aeidess Tempered Glass,14,4,8,8,5,12,6,10,7,6,0
227436,Amazprocombo Pack Of,19,7,0,10,5,2,25,17,11,12,8
469703,Cantabil Men Regular,2,0,6,7,5,3,4,0,6,0,7
411082,Colorplus Medium Green Shirt,3,0,0,18,5,0,0,0,0,0,5
267250,Fruit Of The,3,15,4,5,2,8,0,0,0,4,0
68888,Buykarnow Ultra Flexible,8,9,14,18,0,7,11,12,5,32,6
74359,Hoji Mobile Phone,0,0,0,6,4,0,0,0,0,0,0
6860,Kajal Dream Cool,11,0,0,4,0,1,3,6,13,0,0
74600,Orei Hdmi Duplicator,5,14,0,16,8,0,0,16,18,16,0
366490,Sidharth Gems Ratti,3,0,3,0,0,0,7,0,0,0,0
354072,Radhya Fashion Babydoll,6,0,5,9,0,0,0,0,0,0,0
328927,Pigeon Litre Hot,8,23,11,3,0,0,25,9,5,8,0
338652,Tray Automatic Plastic,0,1,6,0,4,4,5,4,0,0,0
447852,Lancer Mens Sports,8,4,15,6,4,18,7,6,0,0,6
331661,Wellon Triwin Tfc,4,17,30,11,5,16,0,4,0,12,4
8354,Inkbird Vacuum Sealer,15,2,4,12,0,0,6,17,8,18,0
263037,Van Heusen Cotton,3,0,0,0,6,0,0,0,0,5,0
295118,Only Fit Flare,7,4,0,10,0,16,0,15,17,5,0
185713,Fast Go Remo,0,5,19,10,1,5,10,9,4,3,7
507711,Neutron Branded Analog,0,5,0,5,0,4,5,0,5,0,0
49170,Pramadda Pure Luxury,5,0,22,0,6,3,12,3,12,6,17
337361,Ro Heavy Duty,14,2,0,1,4,15,0,3,14,8,0
363794,Brado Jewellery Silver,4,6,16,0,24,14,12,8,5,13,0
30,Godrej Ton Star,26,5,18,14,22,15,0,5,8,9,0
27057,Prestige Pic Induction,0,0,0,0,0,6,0,3,0,0,0
246056,Eisco Cradle Balls,4,5,3,6,0,5,13,6,3,0,0
40635,Harry Kritz Vertical,0,0,0,0,0,0,0,0,5,0,0
414031,Polo Men Rust,15,15,14,4,5,0,20,16,22,1,1
331800,CHUTNEY JAR,6,5,10,0,0,0,0,6,0,0,0
262459,Dixcy Scott Cotton,7,9,4,0,0,0,0,9,0,6,0
68309,Hot Shoe Mounting,7,6,13,8,12,6,10,0,6,0,0
505807,Kiroh Analogue Unique,21,11,0,26,15,6,16,6,19,8,0
294239,Lee Men Jeans,0,5,33,0,0,7,11,9,9,23,4
37116,Aristocrat Polyester Soft,0,4,5,6,17,26,5,13,27,18,2
111652,Cotton Front Zip,0,0,2,0,6,9,0,0,5,0,0
115655,Aurelia Rayon Regular,6,6,0,0,0,4,3,0,0,12,0
249338,Mx High Performance,0,8,0,15,5,0,0,0,10,0,0
330509,Blue Star Ton,10,18,0,7,25,3,8,1,22,0,0
65082,Babymoon Faux Fur,4,16,16,6,11,14,0,10,3,10,1
451239,Fashion Victim Running,4,1,14,5,4,7,17,27,17,10,8
228277,Shopsnice Earphone Headphones,0,8,16,7,9,19,17,11,14,9,0
339119,Signoraware Executive Round,5,10,8,9,12,3,6,0,21,1,8
242168,Mesh Masters Air,9,0,0,0,0,0,0,0,5,0,0
444757,Abros Deccan Sports,0,5,0,0,6,7,5,3,4,7,0
41867,Nasher Miles Texas,0,0,0,0,0,2,0,0,0,0,0
373734,Van Heusen Athleisure,0,10,12,20,14,17,3,6,10,17,0
405696,Arrow Solid Cotton,1,4,4,11,16,8,2,2,7,1,0
381491,Puma Cool Cat,0,0,0,0,7,0,6,0,0,8,0
286693,Peter England Men Jeans,0,3,0,11,10,0,0,0,0,0,0
525970,Matkewalaz Cotton Jaipuri,8,0,0,9,9,7,8,8,9,0,0
524897,Urbanmark Women Round,0,7,3,10,0,13,11,0,0,3,0
525555,Shasmi Cotton Stretch,0,0,3,10,0,0,0,0,0,10,0
131344,Akhilam Solid Organza,6,4,13,5,6,0,0,12,7,6,0
354906,Sana Nightwear Soft,0,0,0,6,0,0,0,0,0,0,0
455048,Nivia Arnold Mesh,0,0,2,12,0,0,8,0,7,4,0
98457,Crocs Classic Platform,22,13,3,5,5,6,6,6,0,22,0
143278,Aaparam Fashion Banarasi,12,24,22,28,4,0,8,14,20,26,3
502471,Bering Analog Blue,7,0,0,0,0,5,0,0,0,0,7
269158,Wear Your Mind,0,0,0,0,4,0,3,0,10,0,0
61916,Microware Hdmi Extender,7,4,0,0,0,8,7,0,24,7,0
309688,Peora Silver Plated,10,27,8,10,27,17,7,15,0,3,0
